<?xml version="1.0" encoding="UTF-8"?>
<root>
  <item name="com.zfy.adapter.LightHolder com.zfy.adapter.LightHolder setVisibility(com.zfy.adapter.model.Ids, int) 1">
    <annotation name="android.support.annotation.IntDef">
      <val name="value" val="{android.view.View.VISIBLE, android.view.View.INVISIBLE, android.view.View.GONE}" />
    </annotation>
  </item>
  <item name="com.zfy.adapter.LightHolder com.zfy.adapter.LightHolder setVisibility(int, int) 1">
    <annotation name="android.support.annotation.IntDef">
      <val name="value" val="{android.view.View.VISIBLE, android.view.View.INVISIBLE, android.view.View.GONE}" />
    </annotation>
  </item>
  <item name="com.zfy.adapter.LightHolder void setVisibility(android.view.View, int) 1">
    <annotation name="android.support.annotation.IntDef">
      <val name="value" val="{android.view.View.VISIBLE, android.view.View.INVISIBLE, android.view.View.GONE}" />
    </annotation>
  </item>
</root>

