<?xml version="1.0" encoding="UTF-8"?>
<root>
  <item name="com.zfy.lxadapter.Lx.DragSwipeState">
    <annotation name="android.support.annotation.IntDef">
      <val name="value" val="{com.zfy.lxadapter.Lx.DRAG_SWIPE_STATE_NONE, com.zfy.lxadapter.Lx.DRAG_STATE_ACTIVE, com.zfy.lxadapter.Lx.SWIPE_STATE_ACTIVE, com.zfy.lxadapter.Lx.DRAG_STATE_RELEASE, com.zfy.lxadapter.Lx.SWIPE_STATE_RELEASE}" />
    </annotation>
  </item>
  <item name="com.zfy.lxadapter.Lx.EventType">
    <annotation name="android.support.annotation.IntDef">
      <val name="value" val="{com.zfy.lxadapter.Lx.EVENT_CLICK, com.zfy.lxadapter.Lx.EVENT_LONG_PRESS, com.zfy.lxadapter.Lx.EVENT_DOUBLE_CLICK, com.zfy.lxadapter.Lx.EVENT_FOCUS_ATTACH, com.zfy.lxadapter.Lx.EVENT_FOCUS_DETACH}" />
    </annotation>
  </item>
  <item name="com.zfy.lxadapter.Lx.FixedMode">
    <annotation name="android.support.annotation.IntDef">
      <val name="value" val="{com.zfy.lxadapter.Lx.FIXED_USE_DRAW, com.zfy.lxadapter.Lx.FIXED_USE_VIEW}" />
    </annotation>
  </item>
  <item name="com.zfy.lxadapter.Lx.LoadMoreEdge">
    <annotation name="android.support.annotation.IntDef">
      <val name="value" val="{com.zfy.lxadapter.Lx.LOAD_MORE_START_EDGE, com.zfy.lxadapter.Lx.LOAD_MORE_END_EDGE}" />
    </annotation>
  </item>
  <item name="com.zfy.lxadapter.Lx.LoadMoreOn">
    <annotation name="android.support.annotation.IntDef">
      <val name="value" val="{com.zfy.lxadapter.Lx.LOAD_MORE_ON_BIND, com.zfy.lxadapter.Lx.LOAD_MORE_ON_SCROLL}" />
    </annotation>
  </item>
  <item name="com.zfy.lxadapter.Lx.SelectMode">
    <annotation name="android.support.annotation.IntDef">
      <val name="value" val="{com.zfy.lxadapter.Lx.SELECT_SINGLE, com.zfy.lxadapter.Lx.SELECT_MULTI}" />
    </annotation>
  </item>
  <item name="com.zfy.lxadapter.Lx.SnapMode">
    <annotation name="android.support.annotation.IntDef">
      <val name="value" val="{com.zfy.lxadapter.Lx.SNAP_MODE_LINEAR, com.zfy.lxadapter.Lx.SNAP_MODE_PAGER}" />
    </annotation>
  </item>
  <item name="com.zfy.lxadapter.LxItemBind void onEvent(com.zfy.lxadapter.data.LxContext, D, int) 2">
    <annotation name="android.support.annotation.IntDef">
      <val name="value" val="{com.zfy.lxadapter.Lx.EVENT_CLICK, com.zfy.lxadapter.Lx.EVENT_LONG_PRESS, com.zfy.lxadapter.Lx.EVENT_DOUBLE_CLICK, com.zfy.lxadapter.Lx.EVENT_FOCUS_ATTACH, com.zfy.lxadapter.Lx.EVENT_FOCUS_DETACH}" />
    </annotation>
  </item>
  <item name="com.zfy.lxadapter.LxVh com.zfy.lxadapter.LxVh setVisibility(com.zfy.lxadapter.data.Ids, int) 1">
    <annotation name="android.support.annotation.IntDef">
      <val name="value" val="{android.view.View.VISIBLE, android.view.View.INVISIBLE, android.view.View.GONE}" />
    </annotation>
  </item>
  <item name="com.zfy.lxadapter.LxVh com.zfy.lxadapter.LxVh setVisibility(int, int) 1">
    <annotation name="android.support.annotation.IntDef">
      <val name="value" val="{android.view.View.VISIBLE, android.view.View.INVISIBLE, android.view.View.GONE}" />
    </annotation>
  </item>
  <item name="com.zfy.lxadapter.LxVh void setVisibility(android.view.View, int) 1">
    <annotation name="android.support.annotation.IntDef">
      <val name="value" val="{android.view.View.VISIBLE, android.view.View.INVISIBLE, android.view.View.GONE}" />
    </annotation>
  </item>
</root>

