<?xml version="1.0" encoding="UTF-8"?>
<root>
  <item name="com.zfy.adapter.component.LxDragSwipeComponent.OnDragSwipeStateChangeListener void stateChange(int, com.zfy.adapter.LxVh, com.zfy.adapter.data.LxContext) 0">
    <annotation name="android.support.annotation.IntDef">
      <val name="value" val="{com.zfy.adapter.Lx.DRAG_SWIPE_STATE_NONE, com.zfy.adapter.Lx.DRAG_STATE_ACTIVE, com.zfy.adapter.Lx.SWIPE_STATE_ACTIVE, com.zfy.adapter.Lx.DRAG_STATE_RELEASE, com.zfy.adapter.Lx.SWIPE_STATE_RELEASE}" />
    </annotation>
  </item>
  <item name="com.zfy.adapter.component.LxFixedComponent fixedMode">
    <annotation name="android.support.annotation.IntDef">
      <val name="value" val="{com.zfy.adapter.Lx.FIXED_USE_DRAW, com.zfy.adapter.Lx.FIXED_USE_VIEW}" />
    </annotation>
  </item>
  <item name="com.zfy.adapter.component.LxLoadMoreComponent LxLoadMoreComponent(int, int, com.zfy.adapter.listener.OnLoadMoreListener) 0">
    <annotation name="android.support.annotation.IntDef">
      <val name="value" val="{com.zfy.adapter.Lx.LOAD_MORE_START_EDGE, com.zfy.adapter.Lx.LOAD_MORE_END_EDGE}" />
    </annotation>
  </item>
  <item name="com.zfy.adapter.component.LxLoadMoreComponent loadMoreEdge">
    <annotation name="android.support.annotation.IntDef">
      <val name="value" val="{com.zfy.adapter.Lx.LOAD_MORE_START_EDGE, com.zfy.adapter.Lx.LOAD_MORE_END_EDGE}" />
    </annotation>
  </item>
  <item name="com.zfy.adapter.component.LxLoadMoreComponent loadMoreOn">
    <annotation name="android.support.annotation.IntDef">
      <val name="value" val="{com.zfy.adapter.Lx.LOAD_MORE_ON_BIND, com.zfy.adapter.Lx.LOAD_MORE_ON_SCROLL}" />
    </annotation>
  </item>
  <item name="com.zfy.adapter.component.LxSelectComponent LxSelectComponent(int) 0">
    <annotation name="android.support.annotation.IntDef">
      <val name="value" val="{com.zfy.adapter.Lx.SELECT_SINGLE, com.zfy.adapter.Lx.SELECT_MULTI}" />
    </annotation>
  </item>
  <item name="com.zfy.adapter.component.LxSelectComponent LxSelectComponent(int, com.zfy.adapter.component.LxSelectComponent.SelectInterceptor) 0">
    <annotation name="android.support.annotation.IntDef">
      <val name="value" val="{com.zfy.adapter.Lx.SELECT_SINGLE, com.zfy.adapter.Lx.SELECT_MULTI}" />
    </annotation>
  </item>
  <item name="com.zfy.adapter.component.LxSelectComponent selectMode">
    <annotation name="android.support.annotation.IntDef">
      <val name="value" val="{com.zfy.adapter.Lx.SELECT_SINGLE, com.zfy.adapter.Lx.SELECT_MULTI}" />
    </annotation>
  </item>
  <item name="com.zfy.adapter.component.LxSnapComponent LxSnapComponent(int) 0">
    <annotation name="android.support.annotation.IntDef">
      <val name="value" val="{com.zfy.adapter.Lx.SNAP_MODE_LINEAR, com.zfy.adapter.Lx.SNAP_MODE_PAGER}" />
    </annotation>
  </item>
  <item name="com.zfy.adapter.component.LxSnapComponent LxSnapComponent(int, com.zfy.adapter.component.LxSnapComponent.OnPageChangeListener) 0">
    <annotation name="android.support.annotation.IntDef">
      <val name="value" val="{com.zfy.adapter.Lx.SNAP_MODE_LINEAR, com.zfy.adapter.Lx.SNAP_MODE_PAGER}" />
    </annotation>
  </item>
</root>

