<?xml version="1.0" encoding="UTF-8"?>
<root>
  <item name="com.zfy.adapter.Lx.DragSwipeState">
    <annotation name="android.support.annotation.IntDef">
      <val name="value" val="{com.zfy.adapter.Lx.DRAG_SWIPE_STATE_NONE, com.zfy.adapter.Lx.DRAG_STATE_ACTIVE, com.zfy.adapter.Lx.SWIPE_STATE_ACTIVE, com.zfy.adapter.Lx.DRAG_STATE_RELEASE, com.zfy.adapter.Lx.SWIPE_STATE_RELEASE}" />
    </annotation>
  </item>
  <item name="com.zfy.adapter.Lx.EventType">
    <annotation name="android.support.annotation.IntDef">
      <val name="value" val="{com.zfy.adapter.Lx.EVENT_CLICK, com.zfy.adapter.Lx.EVENT_LONG_PRESS, com.zfy.adapter.Lx.EVENT_DOUBLE_CLICK}" />
    </annotation>
  </item>
  <item name="com.zfy.adapter.Lx.FixedMode">
    <annotation name="android.support.annotation.IntDef">
      <val name="value" val="{com.zfy.adapter.Lx.FIXED_USE_DRAW, com.zfy.adapter.Lx.FIXED_USE_VIEW}" />
    </annotation>
  </item>
  <item name="com.zfy.adapter.Lx.LoadMoreEdge">
    <annotation name="android.support.annotation.IntDef">
      <val name="value" val="{com.zfy.adapter.Lx.LOAD_MORE_START_EDGE, com.zfy.adapter.Lx.LOAD_MORE_END_EDGE}" />
    </annotation>
  </item>
  <item name="com.zfy.adapter.Lx.LoadMoreOn">
    <annotation name="android.support.annotation.IntDef">
      <val name="value" val="{com.zfy.adapter.Lx.LOAD_MORE_ON_BIND, com.zfy.adapter.Lx.LOAD_MORE_ON_SCROLL}" />
    </annotation>
  </item>
  <item name="com.zfy.adapter.Lx.SelectMode">
    <annotation name="android.support.annotation.IntDef">
      <val name="value" val="{com.zfy.adapter.Lx.SELECT_SINGLE, com.zfy.adapter.Lx.SELECT_MULTI}" />
    </annotation>
  </item>
  <item name="com.zfy.adapter.Lx.SnapMode">
    <annotation name="android.support.annotation.IntDef">
      <val name="value" val="{com.zfy.adapter.Lx.SNAP_MODE_LINEAR, com.zfy.adapter.Lx.SNAP_MODE_PAGER}" />
    </annotation>
  </item>
  <item name="com.zfy.adapter.LxItemBind void onEvent(com.zfy.adapter.data.LxContext, D, int) 2">
    <annotation name="android.support.annotation.IntDef">
      <val name="value" val="{com.zfy.adapter.Lx.EVENT_CLICK, com.zfy.adapter.Lx.EVENT_LONG_PRESS, com.zfy.adapter.Lx.EVENT_DOUBLE_CLICK}" />
    </annotation>
  </item>
  <item name="com.zfy.adapter.LxVh com.zfy.adapter.LxVh setVisibility(com.zfy.adapter.data.Ids, int) 1">
    <annotation name="android.support.annotation.IntDef">
      <val name="value" val="{android.view.View.VISIBLE, android.view.View.INVISIBLE, android.view.View.GONE}" />
    </annotation>
  </item>
  <item name="com.zfy.adapter.LxVh com.zfy.adapter.LxVh setVisibility(int, int) 1">
    <annotation name="android.support.annotation.IntDef">
      <val name="value" val="{android.view.View.VISIBLE, android.view.View.INVISIBLE, android.view.View.GONE}" />
    </annotation>
  </item>
  <item name="com.zfy.adapter.LxVh void setVisibility(android.view.View, int) 1">
    <annotation name="android.support.annotation.IntDef">
      <val name="value" val="{android.view.View.VISIBLE, android.view.View.INVISIBLE, android.view.View.GONE}" />
    </annotation>
  </item>
</root>

